Year,GDP_growth
2001,0.998340791805987
2002,1.74169525130476
2003,2.8612107683238
2004,3.79889112471299
2005,3.5132137994521
2006,2.85497229363445
2007,1.87617145415626
2008,-0.136579803249504
2009,-2.53675706714202
2010,2.5637665603995
2011,1.55083550470843
2012,2.24954585238848
2013,1.84208107064158
2014,2.52597344637341
2015,3.0755146497898
2016,1.71142677366849
2017,2.33267939548638
2018,2.99646435222829
2019,2.16117651518969
2020,-3.40459157333871
