Year,interest_rate
2001,6.92166666666667
2002,4.675
2003,4.1225
2004,4.34
2005,6.18916666666667
2006,7.9575
2007,8.05
2008,5.0875
2009,3.25
2010,3.25
2011,3.25
2012,3.25
2013,3.25
2014,3.25
2015,3.26
2016,3.51166666666667
2017,4.09666666666667
2018,4.90416666666667
2019,5.2825
2020,3.54416666666667
